{
 "chain_iptm": [
  0.77,
  0.96,
  0.96,
  0.85,
  0.78,
  0.67,
  0.41
 ],
 "chain_pair_iptm": [
  [
   0.92,
   0.96,
   0.96,
   0.85,
   0.78,
   0.67,
   0.41
  ],
  [
   0.96,
   null,
   null,
   null,
   null,
   null,
   null
  ],
  [
   0.96,
   null,
   null,
   null,
   null,
   null,
   null
  ],
  [
   0.85,
   null,
   null,
   null,
   null,
   null,
   null
  ],
  [
   0.78,
   null,
   null,
   null,
   null,
   null,
   null
  ],
  [
   0.67,
   null,
   null,
   null,
   null,
   null,
   null
  ],
  [
   0.41,
   null,
   null,
   null,
   null,
   null,
   null
  ]
 ],
 "chain_pair_pae_min": [
  [
   0.76,
   0.81,
   0.81,
   1.81,
   2.89,
   3.76,
   10.29
  ],
  [
   null,
   null,
   null,
   null,
   null,
   null,
   null
  ],
  [
   null,
   null,
   null,
   null,
   null,
   null,
   null
  ],
  [
   null,
   null,
   null,
   null,
   null,
   null,
   null
  ],
  [
   null,
   null,
   null,
   null,
   null,
   null,
   null
  ],
  [
   null,
   null,
   null,
   null,
   null,
   null,
   null
  ],
  [
   null,
   null,
   null,
   null,
   null,
   null,
   null
  ]
 ],
 "chain_ptm": [
  0.92,
  null,
  null,
  null,
  null,
  null,
  null
 ],
 "fraction_disordered": 0.0,
 "has_clash": 0.0,
 "iptm": 0.75,
 "num_recycles": 10.0,
 "ptm": 0.91,
 "ranking_score": 0.78
}