{
 "chain_iptm": [
  0.78,
  0.96,
  0.96,
  0.83,
  0.63,
  0.59,
  0.69
 ],
 "chain_pair_iptm": [
  [
   0.92,
   0.96,
   0.96,
   0.83,
   0.63,
   0.59,
   0.69
  ],
  [
   0.96,
   null,
   null,
   null,
   null,
   null,
   null
  ],
  [
   0.96,
   null,
   null,
   null,
   null,
   null,
   null
  ],
  [
   0.83,
   null,
   null,
   null,
   null,
   null,
   null
  ],
  [
   0.63,
   null,
   null,
   null,
   null,
   null,
   null
  ],
  [
   0.59,
   null,
   null,
   null,
   null,
   null,
   null
  ],
  [
   0.69,
   null,
   null,
   null,
   null,
   null,
   null
  ]
 ],
 "chain_pair_pae_min": [
  [
   0.76,
   0.81,
   0.8,
   2.07,
   4.25,
   6.92,
   5.95
  ],
  [
   null,
   null,
   null,
   null,
   null,
   null,
   null
  ],
  [
   null,
   null,
   null,
   null,
   null,
   null,
   null
  ],
  [
   null,
   null,
   null,
   null,
   null,
   null,
   null
  ],
  [
   null,
   null,
   null,
   null,
   null,
   null,
   null
  ],
  [
   null,
   null,
   null,
   null,
   null,
   null,
   null
  ],
  [
   null,
   null,
   null,
   null,
   null,
   null,
   null
  ]
 ],
 "chain_ptm": [
  0.92,
  null,
  null,
  null,
  null,
  null,
  null
 ],
 "fraction_disordered": 0.0,
 "has_clash": 0.0,
 "iptm": 0.74,
 "num_recycles": 10.0,
 "ptm": 0.91,
 "ranking_score": 0.78
}