{
 "chain_iptm": [
  0.82,
  0.96,
  0.96,
  0.82,
  0.75,
  0.75,
  0.7
 ],
 "chain_pair_iptm": [
  [
   0.92,
   0.96,
   0.96,
   0.82,
   0.75,
   0.75,
   0.7
  ],
  [
   0.96,
   null,
   null,
   null,
   null,
   null,
   null
  ],
  [
   0.96,
   null,
   null,
   null,
   null,
   null,
   null
  ],
  [
   0.82,
   null,
   null,
   null,
   null,
   null,
   null
  ],
  [
   0.75,
   null,
   null,
   null,
   null,
   null,
   null
  ],
  [
   0.75,
   null,
   null,
   null,
   null,
   null,
   null
  ],
  [
   0.7,
   null,
   null,
   null,
   null,
   null,
   null
  ]
 ],
 "chain_pair_pae_min": [
  [
   0.76,
   0.8,
   0.8,
   2.44,
   3.82,
   3.81,
   5.65
  ],
  [
   null,
   null,
   null,
   null,
   null,
   null,
   null
  ],
  [
   null,
   null,
   null,
   null,
   null,
   null,
   null
  ],
  [
   null,
   null,
   null,
   null,
   null,
   null,
   null
  ],
  [
   null,
   null,
   null,
   null,
   null,
   null,
   null
  ],
  [
   null,
   null,
   null,
   null,
   null,
   null,
   null
  ],
  [
   null,
   null,
   null,
   null,
   null,
   null,
   null
  ]
 ],
 "chain_ptm": [
  0.92,
  null,
  null,
  null,
  null,
  null,
  null
 ],
 "fraction_disordered": 0.0,
 "has_clash": 0.0,
 "iptm": 0.79,
 "num_recycles": 10.0,
 "ptm": 0.91,
 "ranking_score": 0.82
}