{
 "chain_iptm": [
  0.78,
  0.96,
  0.96,
  0.81,
  0.74,
  0.56,
  0.66
 ],
 "chain_pair_iptm": [
  [
   0.91,
   0.96,
   0.96,
   0.81,
   0.74,
   0.56,
   0.66
  ],
  [
   0.96,
   null,
   null,
   null,
   null,
   null,
   null
  ],
  [
   0.96,
   null,
   null,
   null,
   null,
   null,
   null
  ],
  [
   0.81,
   null,
   null,
   null,
   null,
   null,
   null
  ],
  [
   0.74,
   null,
   null,
   null,
   null,
   null,
   null
  ],
  [
   0.56,
   null,
   null,
   null,
   null,
   null,
   null
  ],
  [
   0.66,
   null,
   null,
   null,
   null,
   null,
   null
  ]
 ],
 "chain_pair_pae_min": [
  [
   0.76,
   0.81,
   0.81,
   2.16,
   3.72,
   5.93,
   5.96
  ],
  [
   null,
   null,
   null,
   null,
   null,
   null,
   null
  ],
  [
   null,
   null,
   null,
   null,
   null,
   null,
   null
  ],
  [
   null,
   null,
   null,
   null,
   null,
   null,
   null
  ],
  [
   null,
   null,
   null,
   null,
   null,
   null,
   null
  ],
  [
   null,
   null,
   null,
   null,
   null,
   null,
   null
  ],
  [
   null,
   null,
   null,
   null,
   null,
   null,
   null
  ]
 ],
 "chain_ptm": [
  0.91,
  null,
  null,
  null,
  null,
  null,
  null
 ],
 "fraction_disordered": 0.0,
 "has_clash": 0.0,
 "iptm": 0.76,
 "num_recycles": 10.0,
 "ptm": 0.91,
 "ranking_score": 0.79
}