{
 "chain_iptm": [
  0.8,
  0.96,
  0.96,
  0.83,
  0.74,
  0.76,
  0.53
 ],
 "chain_pair_iptm": [
  [
   0.92,
   0.96,
   0.96,
   0.83,
   0.74,
   0.76,
   0.53
  ],
  [
   0.96,
   null,
   null,
   null,
   null,
   null,
   null
  ],
  [
   0.96,
   null,
   null,
   null,
   null,
   null,
   null
  ],
  [
   0.83,
   null,
   null,
   null,
   null,
   null,
   null
  ],
  [
   0.74,
   null,
   null,
   null,
   null,
   null,
   null
  ],
  [
   0.76,
   null,
   null,
   null,
   null,
   null,
   null
  ],
  [
   0.53,
   null,
   null,
   null,
   null,
   null,
   null
  ]
 ],
 "chain_pair_pae_min": [
  [
   0.76,
   0.81,
   0.8,
   1.97,
   3.41,
   3.18,
   7.93
  ],
  [
   null,
   null,
   null,
   null,
   null,
   null,
   null
  ],
  [
   null,
   null,
   null,
   null,
   null,
   null,
   null
  ],
  [
   null,
   null,
   null,
   null,
   null,
   null,
   null
  ],
  [
   null,
   null,
   null,
   null,
   null,
   null,
   null
  ],
  [
   null,
   null,
   null,
   null,
   null,
   null,
   null
  ],
  [
   null,
   null,
   null,
   null,
   null,
   null,
   null
  ]
 ],
 "chain_ptm": [
  0.92,
  null,
  null,
  null,
  null,
  null,
  null
 ],
 "fraction_disordered": 0.0,
 "has_clash": 0.0,
 "iptm": 0.77,
 "num_recycles": 10.0,
 "ptm": 0.91,
 "ranking_score": 0.79
}