{
 "chain_iptm": [
  0.6,
  0.81,
  0.79,
  0.69,
  0.71,
  0.47,
  0.13
 ],
 "chain_pair_iptm": [
  [
   0.92,
   0.81,
   0.79,
   0.69,
   0.71,
   0.47,
   0.13
  ],
  [
   0.81,
   null,
   null,
   null,
   null,
   null,
   null
  ],
  [
   0.79,
   null,
   null,
   null,
   null,
   null,
   null
  ],
  [
   0.69,
   null,
   null,
   null,
   null,
   null,
   null
  ],
  [
   0.71,
   null,
   null,
   null,
   null,
   null,
   null
  ],
  [
   0.47,
   null,
   null,
   null,
   null,
   null,
   null
  ],
  [
   0.13,
   null,
   null,
   null,
   null,
   null,
   null
  ]
 ],
 "chain_pair_pae_min": [
  [
   0.76,
   3.99,
   4.56,
   6.39,
   6.57,
   11.51,
   23.42
  ],
  [
   null,
   null,
   null,
   null,
   null,
   null,
   null
  ],
  [
   null,
   null,
   null,
   null,
   null,
   null,
   null
  ],
  [
   null,
   null,
   null,
   null,
   null,
   null,
   null
  ],
  [
   null,
   null,
   null,
   null,
   null,
   null,
   null
  ],
  [
   null,
   null,
   null,
   null,
   null,
   null,
   null
  ],
  [
   null,
   null,
   null,
   null,
   null,
   null,
   null
  ]
 ],
 "chain_ptm": [
  0.92,
  null,
  null,
  null,
  null,
  null,
  null
 ],
 "fraction_disordered": 0.0,
 "has_clash": 0.0,
 "iptm": 0.56,
 "num_recycles": 10.0,
 "ptm": 0.91,
 "ranking_score": 0.63
}