{
 "chain_iptm": [
  0.63,
  0.79,
  0.83,
  0.77,
  0.63,
  0.51,
  0.26
 ],
 "chain_pair_iptm": [
  [
   0.91,
   0.79,
   0.83,
   0.77,
   0.63,
   0.51,
   0.26
  ],
  [
   0.79,
   null,
   null,
   null,
   null,
   null,
   null
  ],
  [
   0.83,
   null,
   null,
   null,
   null,
   null,
   null
  ],
  [
   0.77,
   null,
   null,
   null,
   null,
   null,
   null
  ],
  [
   0.63,
   null,
   null,
   null,
   null,
   null,
   null
  ],
  [
   0.51,
   null,
   null,
   null,
   null,
   null,
   null
  ],
  [
   0.26,
   null,
   null,
   null,
   null,
   null,
   null
  ]
 ],
 "chain_pair_pae_min": [
  [
   0.76,
   4.14,
   4.02,
   4.11,
   7.8,
   10.55,
   19.5
  ],
  [
   null,
   null,
   null,
   null,
   null,
   null,
   null
  ],
  [
   null,
   null,
   null,
   null,
   null,
   null,
   null
  ],
  [
   null,
   null,
   null,
   null,
   null,
   null,
   null
  ],
  [
   null,
   null,
   null,
   null,
   null,
   null,
   null
  ],
  [
   null,
   null,
   null,
   null,
   null,
   null,
   null
  ],
  [
   null,
   null,
   null,
   null,
   null,
   null,
   null
  ]
 ],
 "chain_ptm": [
  0.91,
  null,
  null,
  null,
  null,
  null,
  null
 ],
 "fraction_disordered": 0.0,
 "has_clash": 0.0,
 "iptm": 0.59,
 "num_recycles": 10.0,
 "ptm": 0.91,
 "ranking_score": 0.65
}