{
 "chain_iptm": [
  0.55,
  0.8,
  0.66,
  0.67,
  0.64,
  0.21,
  0.34
 ],
 "chain_pair_iptm": [
  [
   0.92,
   0.8,
   0.66,
   0.67,
   0.64,
   0.21,
   0.34
  ],
  [
   0.8,
   null,
   null,
   null,
   null,
   null,
   null
  ],
  [
   0.66,
   null,
   null,
   null,
   null,
   null,
   null
  ],
  [
   0.67,
   null,
   null,
   null,
   null,
   null,
   null
  ],
  [
   0.64,
   null,
   null,
   null,
   null,
   null,
   null
  ],
  [
   0.21,
   null,
   null,
   null,
   null,
   null,
   null
  ],
  [
   0.34,
   null,
   null,
   null,
   null,
   null,
   null
  ]
 ],
 "chain_pair_pae_min": [
  [
   0.76,
   4.01,
   6.26,
   6.83,
   7.89,
   19.78,
   17.9
  ],
  [
   null,
   null,
   null,
   null,
   null,
   null,
   null
  ],
  [
   null,
   null,
   null,
   null,
   null,
   null,
   null
  ],
  [
   null,
   null,
   null,
   null,
   null,
   null,
   null
  ],
  [
   null,
   null,
   null,
   null,
   null,
   null,
   null
  ],
  [
   null,
   null,
   null,
   null,
   null,
   null,
   null
  ],
  [
   null,
   null,
   null,
   null,
   null,
   null,
   null
  ]
 ],
 "chain_ptm": [
  0.92,
  null,
  null,
  null,
  null,
  null,
  null
 ],
 "fraction_disordered": 0.0,
 "has_clash": 0.0,
 "iptm": 0.52,
 "num_recycles": 10.0,
 "ptm": 0.91,
 "ranking_score": 0.6
}