{
 "chain_iptm": [
  0.63,
  0.79,
  0.83,
  0.57,
  0.78,
  0.36,
  0.47
 ],
 "chain_pair_iptm": [
  [
   0.92,
   0.79,
   0.83,
   0.57,
   0.78,
   0.36,
   0.47
  ],
  [
   0.79,
   null,
   null,
   null,
   null,
   null,
   null
  ],
  [
   0.83,
   null,
   null,
   null,
   null,
   null,
   null
  ],
  [
   0.57,
   null,
   null,
   null,
   null,
   null,
   null
  ],
  [
   0.78,
   null,
   null,
   null,
   null,
   null,
   null
  ],
  [
   0.36,
   null,
   null,
   null,
   null,
   null,
   null
  ],
  [
   0.47,
   null,
   null,
   null,
   null,
   null,
   null
  ]
 ],
 "chain_pair_pae_min": [
  [
   0.76,
   3.65,
   4.05,
   8.01,
   4.77,
   15.86,
   13.67
  ],
  [
   null,
   null,
   null,
   null,
   null,
   null,
   null
  ],
  [
   null,
   null,
   null,
   null,
   null,
   null,
   null
  ],
  [
   null,
   null,
   null,
   null,
   null,
   null,
   null
  ],
  [
   null,
   null,
   null,
   null,
   null,
   null,
   null
  ],
  [
   null,
   null,
   null,
   null,
   null,
   null,
   null
  ],
  [
   null,
   null,
   null,
   null,
   null,
   null,
   null
  ]
 ],
 "chain_ptm": [
  0.92,
  null,
  null,
  null,
  null,
  null,
  null
 ],
 "fraction_disordered": 0.0,
 "has_clash": 0.0,
 "iptm": 0.58,
 "num_recycles": 10.0,
 "ptm": 0.91,
 "ranking_score": 0.64
}