{
 "chain_iptm": [
  0.63,
  0.84,
  0.7,
  0.69,
  0.48,
  0.68,
  0.37
 ],
 "chain_pair_iptm": [
  [
   0.92,
   0.84,
   0.7,
   0.69,
   0.48,
   0.68,
   0.37
  ],
  [
   0.84,
   null,
   null,
   null,
   null,
   null,
   null
  ],
  [
   0.7,
   null,
   null,
   null,
   null,
   null,
   null
  ],
  [
   0.69,
   null,
   null,
   null,
   null,
   null,
   null
  ],
  [
   0.48,
   null,
   null,
   null,
   null,
   null,
   null
  ],
  [
   0.68,
   null,
   null,
   null,
   null,
   null,
   null
  ],
  [
   0.37,
   null,
   null,
   null,
   null,
   null,
   null
  ]
 ],
 "chain_pair_pae_min": [
  [
   0.76,
   3.16,
   5.9,
   6.08,
   11.82,
   7.84,
   16.93
  ],
  [
   null,
   null,
   null,
   null,
   null,
   null,
   null
  ],
  [
   null,
   null,
   null,
   null,
   null,
   null,
   null
  ],
  [
   null,
   null,
   null,
   null,
   null,
   null,
   null
  ],
  [
   null,
   null,
   null,
   null,
   null,
   null,
   null
  ],
  [
   null,
   null,
   null,
   null,
   null,
   null,
   null
  ],
  [
   null,
   null,
   null,
   null,
   null,
   null,
   null
  ]
 ],
 "chain_ptm": [
  0.92,
  null,
  null,
  null,
  null,
  null,
  null
 ],
 "fraction_disordered": 0.0,
 "has_clash": 0.0,
 "iptm": 0.59,
 "num_recycles": 10.0,
 "ptm": 0.92,
 "ranking_score": 0.65
}