{
 "chain_iptm": [
  0.72,
  0.94,
  0.93,
  0.52,
  0.5
 ],
 "chain_pair_iptm": [
  [
   0.86,
   0.94,
   0.93,
   0.52,
   0.5
  ],
  [
   0.94,
   null,
   null,
   null,
   null
  ],
  [
   0.93,
   null,
   null,
   null,
   null
  ],
  [
   0.52,
   null,
   null,
   null,
   null
  ],
  [
   0.5,
   null,
   null,
   null,
   null
  ]
 ],
 "chain_pair_pae_min": [
  [
   0.76,
   0.88,
   0.97,
   7.01,
   7.87
  ],
  [
   null,
   null,
   null,
   null,
   null
  ],
  [
   null,
   null,
   null,
   null,
   null
  ],
  [
   null,
   null,
   null,
   null,
   null
  ],
  [
   null,
   null,
   null,
   null,
   null
  ]
 ],
 "chain_ptm": [
  0.86,
  null,
  null,
  null,
  null
 ],
 "fraction_disordered": 0.05,
 "has_clash": 0.0,
 "iptm": 0.69,
 "num_recycles": 10.0,
 "ptm": 0.85,
 "ranking_score": 0.75
}