{
 "chain_iptm": [
  0.75,
  0.94,
  0.93,
  0.66,
  0.49
 ],
 "chain_pair_iptm": [
  [
   0.86,
   0.94,
   0.93,
   0.66,
   0.49
  ],
  [
   0.94,
   null,
   null,
   null,
   null
  ],
  [
   0.93,
   null,
   null,
   null,
   null
  ],
  [
   0.66,
   null,
   null,
   null,
   null
  ],
  [
   0.49,
   null,
   null,
   null,
   null
  ]
 ],
 "chain_pair_pae_min": [
  [
   0.76,
   0.87,
   0.97,
   4.33,
   7.81
  ],
  [
   null,
   null,
   null,
   null,
   null
  ],
  [
   null,
   null,
   null,
   null,
   null
  ],
  [
   null,
   null,
   null,
   null,
   null
  ],
  [
   null,
   null,
   null,
   null,
   null
  ]
 ],
 "chain_ptm": [
  0.86,
  null,
  null,
  null,
  null
 ],
 "fraction_disordered": 0.07,
 "has_clash": 0.0,
 "iptm": 0.73,
 "num_recycles": 10.0,
 "ptm": 0.85,
 "ranking_score": 0.79
}