{
 "chain_iptm": [
  0.69,
  0.94,
  0.94,
  0.61,
  0.26
 ],
 "chain_pair_iptm": [
  [
   0.86,
   0.94,
   0.94,
   0.61,
   0.26
  ],
  [
   0.94,
   null,
   null,
   null,
   null
  ],
  [
   0.94,
   null,
   null,
   null,
   null
  ],
  [
   0.61,
   null,
   null,
   null,
   null
  ],
  [
   0.26,
   null,
   null,
   null,
   null
  ]
 ],
 "chain_pair_pae_min": [
  [
   0.76,
   0.87,
   0.9,
   4.26,
   13.08
  ],
  [
   null,
   null,
   null,
   null,
   null
  ],
  [
   null,
   null,
   null,
   null,
   null
  ],
  [
   null,
   null,
   null,
   null,
   null
  ],
  [
   null,
   null,
   null,
   null,
   null
  ]
 ],
 "chain_ptm": [
  0.86,
  null,
  null,
  null,
  null
 ],
 "fraction_disordered": 0.07,
 "has_clash": 0.0,
 "iptm": 0.66,
 "num_recycles": 10.0,
 "ptm": 0.86,
 "ranking_score": 0.73
}