{
 "chain_iptm": [
  0.66,
  0.94,
  0.93,
  0.55,
  0.21
 ],
 "chain_pair_iptm": [
  [
   0.85,
   0.94,
   0.93,
   0.55,
   0.21
  ],
  [
   0.94,
   null,
   null,
   null,
   null
  ],
  [
   0.93,
   null,
   null,
   null,
   null
  ],
  [
   0.55,
   null,
   null,
   null,
   null
  ],
  [
   0.21,
   null,
   null,
   null,
   null
  ]
 ],
 "chain_pair_pae_min": [
  [
   0.76,
   0.89,
   1.06,
   5.04,
   13.07
  ],
  [
   null,
   null,
   null,
   null,
   null
  ],
  [
   null,
   null,
   null,
   null,
   null
  ],
  [
   null,
   null,
   null,
   null,
   null
  ],
  [
   null,
   null,
   null,
   null,
   null
  ]
 ],
 "chain_ptm": [
  0.85,
  null,
  null,
  null,
  null
 ],
 "fraction_disordered": 0.04,
 "has_clash": 0.0,
 "iptm": 0.64,
 "num_recycles": 10.0,
 "ptm": 0.85,
 "ranking_score": 0.71
}