{
 "chain_iptm": [
  0.71,
  0.94,
  0.93,
  0.54,
  0.41
 ],
 "chain_pair_iptm": [
  [
   0.85,
   0.94,
   0.93,
   0.54,
   0.41
  ],
  [
   0.94,
   null,
   null,
   null,
   null
  ],
  [
   0.93,
   null,
   null,
   null,
   null
  ],
  [
   0.54,
   null,
   null,
   null,
   null
  ],
  [
   0.41,
   null,
   null,
   null,
   null
  ]
 ],
 "chain_pair_pae_min": [
  [
   0.76,
   0.88,
   0.96,
   5.75,
   9.47
  ],
  [
   null,
   null,
   null,
   null,
   null
  ],
  [
   null,
   null,
   null,
   null,
   null
  ],
  [
   null,
   null,
   null,
   null,
   null
  ],
  [
   null,
   null,
   null,
   null,
   null
  ]
 ],
 "chain_ptm": [
  0.85,
  null,
  null,
  null,
  null
 ],
 "fraction_disordered": 0.05,
 "has_clash": 0.0,
 "iptm": 0.69,
 "num_recycles": 10.0,
 "ptm": 0.85,
 "ranking_score": 0.75
}