{
 "chain_iptm": [
  0.9,
  0.96,
  0.96,
  0.87,
  0.83
 ],
 "chain_pair_iptm": [
  [
   0.91,
   0.96,
   0.96,
   0.87,
   0.83
  ],
  [
   0.96,
   null,
   null,
   null,
   null
  ],
  [
   0.96,
   null,
   null,
   null,
   null
  ],
  [
   0.87,
   null,
   null,
   null,
   null
  ],
  [
   0.83,
   null,
   null,
   null,
   null
  ]
 ],
 "chain_pair_pae_min": [
  [
   0.76,
   0.82,
   0.82,
   1.65,
   2.34
  ],
  [
   null,
   null,
   null,
   null,
   null
  ],
  [
   null,
   null,
   null,
   null,
   null
  ],
  [
   null,
   null,
   null,
   null,
   null
  ],
  [
   null,
   null,
   null,
   null,
   null
  ]
 ],
 "chain_ptm": [
  0.91,
  null,
  null,
  null,
  null
 ],
 "fraction_disordered": 0.0,
 "has_clash": 0.0,
 "iptm": 0.89,
 "num_recycles": 10.0,
 "ptm": 0.91,
 "ranking_score": 0.89
}