{
 "chain_iptm": [
  0.86,
  0.95,
  0.95,
  0.78,
  0.74
 ],
 "chain_pair_iptm": [
  [
   0.89,
   0.95,
   0.95,
   0.78,
   0.74
  ],
  [
   0.95,
   null,
   null,
   null,
   null
  ],
  [
   0.95,
   null,
   null,
   null,
   null
  ],
  [
   0.78,
   null,
   null,
   null,
   null
  ],
  [
   0.74,
   null,
   null,
   null,
   null
  ]
 ],
 "chain_pair_pae_min": [
  [
   0.76,
   0.85,
   0.84,
   2.6,
   4.07
  ],
  [
   null,
   null,
   null,
   null,
   null
  ],
  [
   null,
   null,
   null,
   null,
   null
  ],
  [
   null,
   null,
   null,
   null,
   null
  ],
  [
   null,
   null,
   null,
   null,
   null
  ]
 ],
 "chain_ptm": [
  0.89,
  null,
  null,
  null,
  null
 ],
 "fraction_disordered": 0.0,
 "has_clash": 0.0,
 "iptm": 0.83,
 "num_recycles": 10.0,
 "ptm": 0.9,
 "ranking_score": 0.84
}