{
 "chain_iptm": [
  0.85,
  0.95,
  0.95,
  0.81,
  0.68
 ],
 "chain_pair_iptm": [
  [
   0.9,
   0.95,
   0.95,
   0.81,
   0.68
  ],
  [
   0.95,
   null,
   null,
   null,
   null
  ],
  [
   0.95,
   null,
   null,
   null,
   null
  ],
  [
   0.81,
   null,
   null,
   null,
   null
  ],
  [
   0.68,
   null,
   null,
   null,
   null
  ]
 ],
 "chain_pair_pae_min": [
  [
   0.76,
   0.84,
   0.84,
   2.14,
   5.41
  ],
  [
   null,
   null,
   null,
   null,
   null
  ],
  [
   null,
   null,
   null,
   null,
   null
  ],
  [
   null,
   null,
   null,
   null,
   null
  ],
  [
   null,
   null,
   null,
   null,
   null
  ]
 ],
 "chain_ptm": [
  0.9,
  null,
  null,
  null,
  null
 ],
 "fraction_disordered": 0.0,
 "has_clash": 0.0,
 "iptm": 0.82,
 "num_recycles": 10.0,
 "ptm": 0.9,
 "ranking_score": 0.84
}