{
 "chain_iptm": [
  0.79,
  0.95,
  0.95,
  0.78,
  0.48
 ],
 "chain_pair_iptm": [
  [
   0.9,
   0.95,
   0.95,
   0.78,
   0.48
  ],
  [
   0.95,
   null,
   null,
   null,
   null
  ],
  [
   0.95,
   null,
   null,
   null,
   null
  ],
  [
   0.78,
   null,
   null,
   null,
   null
  ],
  [
   0.48,
   null,
   null,
   null,
   null
  ]
 ],
 "chain_pair_pae_min": [
  [
   0.76,
   0.84,
   0.84,
   2.42,
   7.46
  ],
  [
   null,
   null,
   null,
   null,
   null
  ],
  [
   null,
   null,
   null,
   null,
   null
  ],
  [
   null,
   null,
   null,
   null,
   null
  ],
  [
   null,
   null,
   null,
   null,
   null
  ]
 ],
 "chain_ptm": [
  0.9,
  null,
  null,
  null,
  null
 ],
 "fraction_disordered": 0.0,
 "has_clash": 0.0,
 "iptm": 0.78,
 "num_recycles": 10.0,
 "ptm": 0.89,
 "ranking_score": 0.8
}