{
 "chain_iptm": [
  0.78,
  0.95,
  0.95,
  0.77,
  0.43
 ],
 "chain_pair_iptm": [
  [
   0.9,
   0.95,
   0.95,
   0.77,
   0.43
  ],
  [
   0.95,
   null,
   null,
   null,
   null
  ],
  [
   0.95,
   null,
   null,
   null,
   null
  ],
  [
   0.77,
   null,
   null,
   null,
   null
  ],
  [
   0.43,
   null,
   null,
   null,
   null
  ]
 ],
 "chain_pair_pae_min": [
  [
   0.76,
   0.83,
   0.84,
   2.47,
   8.71
  ],
  [
   null,
   null,
   null,
   null,
   null
  ],
  [
   null,
   null,
   null,
   null,
   null
  ],
  [
   null,
   null,
   null,
   null,
   null
  ],
  [
   null,
   null,
   null,
   null,
   null
  ]
 ],
 "chain_ptm": [
  0.9,
  null,
  null,
  null,
  null
 ],
 "fraction_disordered": 0.0,
 "has_clash": 0.0,
 "iptm": 0.76,
 "num_recycles": 10.0,
 "ptm": 0.9,
 "ranking_score": 0.79
}