{
 "chain_iptm": [
  0.26,
  0.49,
  0.33,
  0.31,
  0.2,
  0.11,
  0.11
 ],
 "chain_pair_iptm": [
  [
   0.81,
   0.49,
   0.33,
   0.31,
   0.2,
   0.11,
   0.11
  ],
  [
   0.49,
   null,
   null,
   null,
   null,
   null,
   null
  ],
  [
   0.33,
   null,
   null,
   null,
   null,
   null,
   null
  ],
  [
   0.31,
   null,
   null,
   null,
   null,
   null,
   null
  ],
  [
   0.2,
   null,
   null,
   null,
   null,
   null,
   null
  ],
  [
   0.11,
   null,
   null,
   null,
   null,
   null,
   null
  ],
  [
   0.11,
   null,
   null,
   null,
   null,
   null,
   null
  ]
 ],
 "chain_pair_pae_min": [
  [
   0.76,
   8.58,
   11.64,
   12.04,
   15.34,
   20.74,
   23.05
  ],
  [
   null,
   null,
   null,
   null,
   null,
   null,
   null
  ],
  [
   null,
   null,
   null,
   null,
   null,
   null,
   null
  ],
  [
   null,
   null,
   null,
   null,
   null,
   null,
   null
  ],
  [
   null,
   null,
   null,
   null,
   null,
   null,
   null
  ],
  [
   null,
   null,
   null,
   null,
   null,
   null,
   null
  ],
  [
   null,
   null,
   null,
   null,
   null,
   null,
   null
  ]
 ],
 "chain_ptm": [
  0.81,
  null,
  null,
  null,
  null,
  null,
  null
 ],
 "fraction_disordered": 0.02,
 "has_clash": 0.0,
 "iptm": 0.23,
 "num_recycles": 10.0,
 "ptm": 0.79,
 "ranking_score": 0.36
}