{
 "chain_iptm": [
  0.48,
  0.72,
  0.58,
  0.5,
  0.49,
  0.44,
  0.14
 ],
 "chain_pair_iptm": [
  [
   0.86,
   0.72,
   0.58,
   0.5,
   0.49,
   0.44,
   0.14
  ],
  [
   0.72,
   null,
   null,
   null,
   null,
   null,
   null
  ],
  [
   0.58,
   null,
   null,
   null,
   null,
   null,
   null
  ],
  [
   0.5,
   null,
   null,
   null,
   null,
   null,
   null
  ],
  [
   0.49,
   null,
   null,
   null,
   null,
   null,
   null
  ],
  [
   0.44,
   null,
   null,
   null,
   null,
   null,
   null
  ],
  [
   0.14,
   null,
   null,
   null,
   null,
   null,
   null
  ]
 ],
 "chain_pair_pae_min": [
  [
   0.76,
   5.39,
   8.41,
   9.35,
   10.05,
   11.71,
   23.35
  ],
  [
   null,
   null,
   null,
   null,
   null,
   null,
   null
  ],
  [
   null,
   null,
   null,
   null,
   null,
   null,
   null
  ],
  [
   null,
   null,
   null,
   null,
   null,
   null,
   null
  ],
  [
   null,
   null,
   null,
   null,
   null,
   null,
   null
  ],
  [
   null,
   null,
   null,
   null,
   null,
   null,
   null
  ],
  [
   null,
   null,
   null,
   null,
   null,
   null,
   null
  ]
 ],
 "chain_ptm": [
  0.86,
  null,
  null,
  null,
  null,
  null,
  null
 ],
 "fraction_disordered": 0.02,
 "has_clash": 0.0,
 "iptm": 0.42,
 "num_recycles": 10.0,
 "ptm": 0.85,
 "ranking_score": 0.52
}