{
 "chain_iptm": [
  0.35,
  0.69,
  0.6,
  0.34,
  0.15,
  0.17,
  0.16
 ],
 "chain_pair_iptm": [
  [
   0.81,
   0.69,
   0.6,
   0.34,
   0.15,
   0.17,
   0.16
  ],
  [
   0.69,
   null,
   null,
   null,
   null,
   null,
   null
  ],
  [
   0.6,
   null,
   null,
   null,
   null,
   null,
   null
  ],
  [
   0.34,
   null,
   null,
   null,
   null,
   null,
   null
  ],
  [
   0.15,
   null,
   null,
   null,
   null,
   null,
   null
  ],
  [
   0.17,
   null,
   null,
   null,
   null,
   null,
   null
  ],
  [
   0.16,
   null,
   null,
   null,
   null,
   null,
   null
  ]
 ],
 "chain_pair_pae_min": [
  [
   0.76,
   5.64,
   6.5,
   11.54,
   17.88,
   18.37,
   21.67
  ],
  [
   null,
   null,
   null,
   null,
   null,
   null,
   null
  ],
  [
   null,
   null,
   null,
   null,
   null,
   null,
   null
  ],
  [
   null,
   null,
   null,
   null,
   null,
   null,
   null
  ],
  [
   null,
   null,
   null,
   null,
   null,
   null,
   null
  ],
  [
   null,
   null,
   null,
   null,
   null,
   null,
   null
  ],
  [
   null,
   null,
   null,
   null,
   null,
   null,
   null
  ]
 ],
 "chain_ptm": [
  0.81,
  null,
  null,
  null,
  null,
  null,
  null
 ],
 "fraction_disordered": 0.02,
 "has_clash": 0.0,
 "iptm": 0.34,
 "num_recycles": 10.0,
 "ptm": 0.8,
 "ranking_score": 0.44
}