{
 "chain_iptm": [
  0.34,
  0.6,
  0.48,
  0.44,
  0.28,
  0.12,
  0.12
 ],
 "chain_pair_iptm": [
  [
   0.84,
   0.6,
   0.48,
   0.44,
   0.28,
   0.12,
   0.12
  ],
  [
   0.6,
   null,
   null,
   null,
   null,
   null,
   null
  ],
  [
   0.48,
   null,
   null,
   null,
   null,
   null,
   null
  ],
  [
   0.44,
   null,
   null,
   null,
   null,
   null,
   null
  ],
  [
   0.28,
   null,
   null,
   null,
   null,
   null,
   null
  ],
  [
   0.12,
   null,
   null,
   null,
   null,
   null,
   null
  ],
  [
   0.12,
   null,
   null,
   null,
   null,
   null,
   null
  ]
 ],
 "chain_pair_pae_min": [
  [
   0.76,
   7.24,
   9.74,
   9.52,
   13.54,
   20.3,
   23.66
  ],
  [
   null,
   null,
   null,
   null,
   null,
   null,
   null
  ],
  [
   null,
   null,
   null,
   null,
   null,
   null,
   null
  ],
  [
   null,
   null,
   null,
   null,
   null,
   null,
   null
  ],
  [
   null,
   null,
   null,
   null,
   null,
   null,
   null
  ],
  [
   null,
   null,
   null,
   null,
   null,
   null,
   null
  ],
  [
   null,
   null,
   null,
   null,
   null,
   null,
   null
  ]
 ],
 "chain_ptm": [
  0.84,
  null,
  null,
  null,
  null,
  null,
  null
 ],
 "fraction_disordered": 0.02,
 "has_clash": 0.0,
 "iptm": 0.33,
 "num_recycles": 10.0,
 "ptm": 0.83,
 "ranking_score": 0.44
}