{
 "chain_iptm": [
  0.45,
  0.7,
  0.65,
  0.42,
  0.38,
  0.39,
  0.14
 ],
 "chain_pair_iptm": [
  [
   0.85,
   0.7,
   0.65,
   0.42,
   0.38,
   0.39,
   0.14
  ],
  [
   0.7,
   null,
   null,
   null,
   null,
   null,
   null
  ],
  [
   0.65,
   null,
   null,
   null,
   null,
   null,
   null
  ],
  [
   0.42,
   null,
   null,
   null,
   null,
   null,
   null
  ],
  [
   0.38,
   null,
   null,
   null,
   null,
   null,
   null
  ],
  [
   0.39,
   null,
   null,
   null,
   null,
   null,
   null
  ],
  [
   0.14,
   null,
   null,
   null,
   null,
   null,
   null
  ]
 ],
 "chain_pair_pae_min": [
  [
   0.76,
   5.9,
   6.34,
   10.97,
   12.82,
   13.67,
   22.78
  ],
  [
   null,
   null,
   null,
   null,
   null,
   null,
   null
  ],
  [
   null,
   null,
   null,
   null,
   null,
   null,
   null
  ],
  [
   null,
   null,
   null,
   null,
   null,
   null,
   null
  ],
  [
   null,
   null,
   null,
   null,
   null,
   null,
   null
  ],
  [
   null,
   null,
   null,
   null,
   null,
   null,
   null
  ],
  [
   null,
   null,
   null,
   null,
   null,
   null,
   null
  ]
 ],
 "chain_ptm": [
  0.85,
  null,
  null,
  null,
  null,
  null,
  null
 ],
 "fraction_disordered": 0.02,
 "has_clash": 0.0,
 "iptm": 0.4,
 "num_recycles": 10.0,
 "ptm": 0.85,
 "ranking_score": 0.5
}