{
 "chain_iptm": [
  0.61,
  0.95,
  0.55,
  0.44,
  0.49
 ],
 "chain_pair_iptm": [
  [
   0.79,
   0.95,
   0.55,
   0.44,
   0.49
  ],
  [
   0.95,
   null,
   null,
   null,
   null
  ],
  [
   0.55,
   null,
   null,
   null,
   null
  ],
  [
   0.44,
   null,
   null,
   null,
   null
  ],
  [
   0.49,
   null,
   null,
   null,
   null
  ]
 ],
 "chain_pair_pae_min": [
  [
   0.76,
   0.89,
   5.98,
   6.96,
   8.25
  ],
  [
   null,
   null,
   null,
   null,
   null
  ],
  [
   null,
   null,
   null,
   null,
   null
  ],
  [
   null,
   null,
   null,
   null,
   null
  ],
  [
   null,
   null,
   null,
   null,
   null
  ]
 ],
 "chain_ptm": [
  0.79,
  null,
  null,
  null,
  null
 ],
 "fraction_disordered": 0.14,
 "has_clash": 0.0,
 "iptm": 0.57,
 "num_recycles": 10.0,
 "ptm": 0.78,
 "ranking_score": 0.68
}