{
 "chain_iptm": [
  0.63,
  0.94,
  0.39,
  0.61,
  0.57
 ],
 "chain_pair_iptm": [
  [
   0.74,
   0.94,
   0.39,
   0.61,
   0.57
  ],
  [
   0.94,
   null,
   null,
   null,
   null
  ],
  [
   0.39,
   null,
   null,
   null,
   null
  ],
  [
   0.61,
   null,
   null,
   null,
   null
  ],
  [
   0.57,
   null,
   null,
   null,
   null
  ]
 ],
 "chain_pair_pae_min": [
  [
   0.76,
   0.96,
   6.71,
   4.76,
   6.27
  ],
  [
   null,
   null,
   null,
   null,
   null
  ],
  [
   null,
   null,
   null,
   null,
   null
  ],
  [
   null,
   null,
   null,
   null,
   null
  ],
  [
   null,
   null,
   null,
   null,
   null
  ]
 ],
 "chain_ptm": [
  0.74,
  null,
  null,
  null,
  null
 ],
 "fraction_disordered": 0.09,
 "has_clash": 0.0,
 "iptm": 0.6,
 "num_recycles": 10.0,
 "ptm": 0.74,
 "ranking_score": 0.67
}