{
 "chain_iptm": [
  0.6,
  0.94,
  0.59,
  0.62,
  0.23
 ],
 "chain_pair_iptm": [
  [
   0.78,
   0.94,
   0.59,
   0.62,
   0.23
  ],
  [
   0.94,
   null,
   null,
   null,
   null
  ],
  [
   0.59,
   null,
   null,
   null,
   null
  ],
  [
   0.62,
   null,
   null,
   null,
   null
  ],
  [
   0.23,
   null,
   null,
   null,
   null
  ]
 ],
 "chain_pair_pae_min": [
  [
   0.76,
   0.92,
   5.03,
   4.21,
   12.6
  ],
  [
   null,
   null,
   null,
   null,
   null
  ],
  [
   null,
   null,
   null,
   null,
   null
  ],
  [
   null,
   null,
   null,
   null,
   null
  ],
  [
   null,
   null,
   null,
   null,
   null
  ]
 ],
 "chain_ptm": [
  0.78,
  null,
  null,
  null,
  null
 ],
 "fraction_disordered": 0.14,
 "has_clash": 0.0,
 "iptm": 0.58,
 "num_recycles": 10.0,
 "ptm": 0.77,
 "ranking_score": 0.68
}