{
 "chain_iptm": [
  0.52,
  0.94,
  0.49,
  0.29,
  0.37
 ],
 "chain_pair_iptm": [
  [
   0.77,
   0.94,
   0.49,
   0.29,
   0.37
  ],
  [
   0.94,
   null,
   null,
   null,
   null
  ],
  [
   0.49,
   null,
   null,
   null,
   null
  ],
  [
   0.29,
   null,
   null,
   null,
   null
  ],
  [
   0.37,
   null,
   null,
   null,
   null
  ]
 ],
 "chain_pair_pae_min": [
  [
   0.76,
   0.93,
   5.81,
   10.22,
   10.25
  ],
  [
   null,
   null,
   null,
   null,
   null
  ],
  [
   null,
   null,
   null,
   null,
   null
  ],
  [
   null,
   null,
   null,
   null,
   null
  ],
  [
   null,
   null,
   null,
   null,
   null
  ]
 ],
 "chain_ptm": [
  0.77,
  null,
  null,
  null,
  null
 ],
 "fraction_disordered": 0.14,
 "has_clash": 0.0,
 "iptm": 0.51,
 "num_recycles": 10.0,
 "ptm": 0.77,
 "ranking_score": 0.63
}