{
 "chain_iptm": [
  0.63,
  0.95,
  0.53,
  0.51,
  0.52
 ],
 "chain_pair_iptm": [
  [
   0.77,
   0.95,
   0.53,
   0.51,
   0.52
  ],
  [
   0.95,
   null,
   null,
   null,
   null
  ],
  [
   0.53,
   null,
   null,
   null,
   null
  ],
  [
   0.51,
   null,
   null,
   null,
   null
  ],
  [
   0.52,
   null,
   null,
   null,
   null
  ]
 ],
 "chain_pair_pae_min": [
  [
   0.76,
   0.9,
   6.26,
   6.27,
   8.0
  ],
  [
   null,
   null,
   null,
   null,
   null
  ],
  [
   null,
   null,
   null,
   null,
   null
  ],
  [
   null,
   null,
   null,
   null,
   null
  ],
  [
   null,
   null,
   null,
   null,
   null
  ]
 ],
 "chain_ptm": [
  0.77,
  null,
  null,
  null,
  null
 ],
 "fraction_disordered": 0.14,
 "has_clash": 0.0,
 "iptm": 0.6,
 "num_recycles": 10.0,
 "ptm": 0.77,
 "ranking_score": 0.71
}