{
 "chain_iptm": [
  0.68,
  0.94,
  0.94,
  0.55,
  0.3
 ],
 "chain_pair_iptm": [
  [
   0.8,
   0.94,
   0.94,
   0.55,
   0.3
  ],
  [
   0.94,
   null,
   null,
   null,
   null
  ],
  [
   0.94,
   null,
   null,
   null,
   null
  ],
  [
   0.55,
   null,
   null,
   null,
   null
  ],
  [
   0.3,
   null,
   null,
   null,
   null
  ]
 ],
 "chain_pair_pae_min": [
  [
   0.76,
   0.88,
   0.95,
   4.95,
   11.02
  ],
  [
   null,
   null,
   null,
   null,
   null
  ],
  [
   null,
   null,
   null,
   null,
   null
  ],
  [
   null,
   null,
   null,
   null,
   null
  ],
  [
   null,
   null,
   null,
   null,
   null
  ]
 ],
 "chain_ptm": [
  0.8,
  null,
  null,
  null,
  null
 ],
 "fraction_disordered": 0.07,
 "has_clash": 0.0,
 "iptm": 0.63,
 "num_recycles": 10.0,
 "ptm": 0.8,
 "ranking_score": 0.7
}