{
 "chain_iptm": [
  0.66,
  0.94,
  0.94,
  0.56,
  0.2
 ],
 "chain_pair_iptm": [
  [
   0.81,
   0.94,
   0.94,
   0.56,
   0.2
  ],
  [
   0.94,
   null,
   null,
   null,
   null
  ],
  [
   0.94,
   null,
   null,
   null,
   null
  ],
  [
   0.56,
   null,
   null,
   null,
   null
  ],
  [
   0.2,
   null,
   null,
   null,
   null
  ]
 ],
 "chain_pair_pae_min": [
  [
   0.76,
   0.88,
   0.94,
   4.87,
   13.62
  ],
  [
   null,
   null,
   null,
   null,
   null
  ],
  [
   null,
   null,
   null,
   null,
   null
  ],
  [
   null,
   null,
   null,
   null,
   null
  ],
  [
   null,
   null,
   null,
   null,
   null
  ]
 ],
 "chain_ptm": [
  0.81,
  null,
  null,
  null,
  null
 ],
 "fraction_disordered": 0.03,
 "has_clash": 0.0,
 "iptm": 0.62,
 "num_recycles": 10.0,
 "ptm": 0.81,
 "ranking_score": 0.68
}