{
 "chain_iptm": [
  0.7,
  0.94,
  0.94,
  0.55,
  0.38
 ],
 "chain_pair_iptm": [
  [
   0.81,
   0.94,
   0.94,
   0.55,
   0.38
  ],
  [
   0.94,
   null,
   null,
   null,
   null
  ],
  [
   0.94,
   null,
   null,
   null,
   null
  ],
  [
   0.55,
   null,
   null,
   null,
   null
  ],
  [
   0.38,
   null,
   null,
   null,
   null
  ]
 ],
 "chain_pair_pae_min": [
  [
   0.76,
   0.9,
   0.92,
   5.5,
   10.65
  ],
  [
   null,
   null,
   null,
   null,
   null
  ],
  [
   null,
   null,
   null,
   null,
   null
  ],
  [
   null,
   null,
   null,
   null,
   null
  ],
  [
   null,
   null,
   null,
   null,
   null
  ]
 ],
 "chain_ptm": [
  0.81,
  null,
  null,
  null,
  null
 ],
 "fraction_disordered": 0.11,
 "has_clash": 0.0,
 "iptm": 0.62,
 "num_recycles": 10.0,
 "ptm": 0.81,
 "ranking_score": 0.71
}