{
 "chain_iptm": [
  0.71,
  0.95,
  0.94,
  0.57,
  0.4
 ],
 "chain_pair_iptm": [
  [
   0.81,
   0.95,
   0.94,
   0.57,
   0.4
  ],
  [
   0.95,
   null,
   null,
   null,
   null
  ],
  [
   0.94,
   null,
   null,
   null,
   null
  ],
  [
   0.57,
   null,
   null,
   null,
   null
  ],
  [
   0.4,
   null,
   null,
   null,
   null
  ]
 ],
 "chain_pair_pae_min": [
  [
   0.76,
   0.86,
   0.92,
   5.71,
   9.45
  ],
  [
   null,
   null,
   null,
   null,
   null
  ],
  [
   null,
   null,
   null,
   null,
   null
  ],
  [
   null,
   null,
   null,
   null,
   null
  ],
  [
   null,
   null,
   null,
   null,
   null
  ]
 ],
 "chain_ptm": [
  0.81,
  null,
  null,
  null,
  null
 ],
 "fraction_disordered": 0.07,
 "has_clash": 0.0,
 "iptm": 0.68,
 "num_recycles": 10.0,
 "ptm": 0.81,
 "ranking_score": 0.74
}