{
 "chain_iptm": [
  0.68,
  0.94,
  0.94,
  0.55,
  0.29
 ],
 "chain_pair_iptm": [
  [
   0.81,
   0.94,
   0.94,
   0.55,
   0.29
  ],
  [
   0.94,
   null,
   null,
   null,
   null
  ],
  [
   0.94,
   null,
   null,
   null,
   null
  ],
  [
   0.55,
   null,
   null,
   null,
   null
  ],
  [
   0.29,
   null,
   null,
   null,
   null
  ]
 ],
 "chain_pair_pae_min": [
  [
   0.76,
   0.89,
   0.96,
   5.04,
   11.49
  ],
  [
   null,
   null,
   null,
   null,
   null
  ],
  [
   null,
   null,
   null,
   null,
   null
  ],
  [
   null,
   null,
   null,
   null,
   null
  ],
  [
   null,
   null,
   null,
   null,
   null
  ]
 ],
 "chain_ptm": [
  0.81,
  null,
  null,
  null,
  null
 ],
 "fraction_disordered": 0.03,
 "has_clash": 0.0,
 "iptm": 0.63,
 "num_recycles": 10.0,
 "ptm": 0.81,
 "ranking_score": 0.68
}