Apo_PDB_ID,Holo_PDB_ID,Ligands,Ions,APO_vs_HOLO,APO_vs_HOLO_ALPHA0,APO_vs_APO_ALPHA0,HOLO_vs_HOLO_ALPHA0,HOLO_vs_APO_ALPHA0
1GUD_A,1RPJ_A,[],['ZN'],3.4048373699188232,0.578953206539154,3.1679327487945557,3.301643133163452,0.8502781391143799
1I56_A,1EL1_A,[],['CA'],1.6941193342208862,1.6871182918548584,1.6116254329681396,0.3442045748233795,0.4020267426967621
1IJA-15_A,2KID-4_A,[],['CA'],1.5741618871688843,1.2785943746566772,1.295479655265808,1.1973403692245483,1.2611567974090576
1JFJ-3_A,1JFK_A,[],['CA'],9.083529472351074,9.6143798828125,9.489654541015625,10.305318832397461,10.175429344177246
1K2H-4_A,1ZFS-13_B,[],['CA'],4.160513401031494,4.216365337371826,3.6895878314971924,2.079685926437378,1.9982885122299194
1LMZ-9_A,1P7M-18_A,[],['ZN'],1.4900342226028442,1.609047770500183,1.6609714031219482,1.5022250413894653,1.5264660120010376
1MUT-11_A,1PUN-7_A,[],['MG'],3.746023654937744,2.925595998764038,2.850179672241211,2.546499252319336,2.622551202774048
1NJG_B,1NJF_A,[],['ZN'],9.718087196350098,33.31368637084961,28.209716796875,1.1763198375701904,9.464478492736816
1SKT-10_A,1TNQ-33_A,[],['CA'],3.6875317096710205,1.3655827045440674,2.370922088623047,3.1391704082489014,1.5845400094985962
1SYM-2_B,1XYD-15_B,[],"['CA', 'ZN']",4.241093635559082,2.444155693054199,2.5250658988952637,1.624800205230713,1.7882063388824463
1W4U-9_A,1UR6-4_A,[],['ZN'],2.8788228034973145,2.4987146854400635,2.5067713260650635,1.6913398504257202,1.8106462955474854
1Y3Q_A,1Y3N_A,[],['CA'],4.8470354080200195,0.5309344530105591,0.7359828948974609,4.84253454208374,0.42980527877807617
1YL5_B,1YL7_A,[],['MG'],1.5499268770217896,1.3117625713348389,1.0208086967468262,0.603103756904602,0.893303394317627
1ZA1_A,1Q95_A,[],['ZN'],31.25636863708496,0.48310717940330505,0.3289690911769867,1.15190589427948,0.8709287643432617
2F63-4_A,1EQM_A,['ADP'],['MG'],1.8400193452835083,1.8017295598983765,1.7946803569793701,0.23605164885520935,0.36545225977897644
2JWW-13_A,1RTP_1,[],['CA'],2.4557576179504395,2.3387842178344727,2.325286626815796,0.33584150671958923,0.4461006820201874
2KAX-5_A,2KAY-16_B,[],['CA'],3.0959866046905518,2.8768043518066406,2.7755050659179688,1.1675361394882202,1.3187798261642456
2L50-24_A,2L51-15_B,[],['CA'],1.8225938081741333,3.246269464492798,2.575505256652832,2.436157703399658,2.2861080169677734
2LHS-6_A,2BEM_A,[],['NA'],1.5472623109817505,1.4887571334838867,1.4802818298339844,0.2185865342617035,0.26107823848724365
2NLN-4_A,1RRO_A,[],['CA'],3.6838040351867676,3.835703134536743,3.7953941822052,0.3489261567592621,0.43764835596084595
