{
 "chain_iptm": [
  0.78,
  0.95,
  0.94,
  0.78,
  0.49,
  0.84,
  0.66
 ],
 "chain_pair_iptm": [
  [
   0.89,
   0.95,
   0.94,
   0.78,
   0.49,
   0.84,
   0.66
  ],
  [
   0.95,
   null,
   null,
   null,
   null,
   null,
   null
  ],
  [
   0.94,
   null,
   null,
   null,
   null,
   null,
   null
  ],
  [
   0.78,
   null,
   null,
   null,
   null,
   null,
   null
  ],
  [
   0.49,
   null,
   null,
   null,
   null,
   null,
   null
  ],
  [
   0.84,
   null,
   null,
   null,
   null,
   null,
   null
  ],
  [
   0.66,
   null,
   null,
   null,
   null,
   null,
   null
  ]
 ],
 "chain_pair_pae_min": [
  [
   0.76,
   0.84,
   0.88,
   2.6,
   8.94,
   2.36,
   5.29
  ],
  [
   null,
   null,
   null,
   null,
   null,
   null,
   null
  ],
  [
   null,
   null,
   null,
   null,
   null,
   null,
   null
  ],
  [
   null,
   null,
   null,
   null,
   null,
   null,
   null
  ],
  [
   null,
   null,
   null,
   null,
   null,
   null,
   null
  ],
  [
   null,
   null,
   null,
   null,
   null,
   null,
   null
  ],
  [
   null,
   null,
   null,
   null,
   null,
   null,
   null
  ]
 ],
 "chain_ptm": [
  0.89,
  null,
  null,
  null,
  null,
  null,
  null
 ],
 "fraction_disordered": 0.0,
 "has_clash": 0.0,
 "iptm": 0.74,
 "num_recycles": 10.0,
 "ptm": 0.89,
 "ranking_score": 0.77
}