{
 "chain_iptm": [
  0.78,
  0.95,
  0.94,
  0.8,
  0.53,
  0.86,
  0.6
 ],
 "chain_pair_iptm": [
  [
   0.89,
   0.95,
   0.94,
   0.8,
   0.53,
   0.86,
   0.6
  ],
  [
   0.95,
   null,
   null,
   null,
   null,
   null,
   null
  ],
  [
   0.94,
   null,
   null,
   null,
   null,
   null,
   null
  ],
  [
   0.8,
   null,
   null,
   null,
   null,
   null,
   null
  ],
  [
   0.53,
   null,
   null,
   null,
   null,
   null,
   null
  ],
  [
   0.86,
   null,
   null,
   null,
   null,
   null,
   null
  ],
  [
   0.6,
   null,
   null,
   null,
   null,
   null,
   null
  ]
 ],
 "chain_pair_pae_min": [
  [
   0.76,
   0.84,
   0.88,
   2.39,
   7.95,
   1.99,
   4.68
  ],
  [
   null,
   null,
   null,
   null,
   null,
   null,
   null
  ],
  [
   null,
   null,
   null,
   null,
   null,
   null,
   null
  ],
  [
   null,
   null,
   null,
   null,
   null,
   null,
   null
  ],
  [
   null,
   null,
   null,
   null,
   null,
   null,
   null
  ],
  [
   null,
   null,
   null,
   null,
   null,
   null,
   null
  ],
  [
   null,
   null,
   null,
   null,
   null,
   null,
   null
  ]
 ],
 "chain_ptm": [
  0.89,
  null,
  null,
  null,
  null,
  null,
  null
 ],
 "fraction_disordered": 0.0,
 "has_clash": 0.0,
 "iptm": 0.75,
 "num_recycles": 10.0,
 "ptm": 0.89,
 "ranking_score": 0.78
}