{
 "chain_iptm": [
  0.76,
  0.95,
  0.94,
  0.74,
  0.55,
  0.86,
  0.54
 ],
 "chain_pair_iptm": [
  [
   0.89,
   0.95,
   0.94,
   0.74,
   0.55,
   0.86,
   0.54
  ],
  [
   0.95,
   null,
   null,
   null,
   null,
   null,
   null
  ],
  [
   0.94,
   null,
   null,
   null,
   null,
   null,
   null
  ],
  [
   0.74,
   null,
   null,
   null,
   null,
   null,
   null
  ],
  [
   0.55,
   null,
   null,
   null,
   null,
   null,
   null
  ],
  [
   0.86,
   null,
   null,
   null,
   null,
   null,
   null
  ],
  [
   0.54,
   null,
   null,
   null,
   null,
   null,
   null
  ]
 ],
 "chain_pair_pae_min": [
  [
   0.76,
   0.84,
   0.87,
   3.5,
   7.27,
   2.16,
   6.41
  ],
  [
   null,
   null,
   null,
   null,
   null,
   null,
   null
  ],
  [
   null,
   null,
   null,
   null,
   null,
   null,
   null
  ],
  [
   null,
   null,
   null,
   null,
   null,
   null,
   null
  ],
  [
   null,
   null,
   null,
   null,
   null,
   null,
   null
  ],
  [
   null,
   null,
   null,
   null,
   null,
   null,
   null
  ],
  [
   null,
   null,
   null,
   null,
   null,
   null,
   null
  ]
 ],
 "chain_ptm": [
  0.89,
  null,
  null,
  null,
  null,
  null,
  null
 ],
 "fraction_disordered": 0.0,
 "has_clash": 0.0,
 "iptm": 0.74,
 "num_recycles": 10.0,
 "ptm": 0.89,
 "ranking_score": 0.77
}