{
 "chain_iptm": [
  0.77,
  0.95,
  0.94,
  0.74,
  0.5,
  0.86,
  0.64
 ],
 "chain_pair_iptm": [
  [
   0.89,
   0.95,
   0.94,
   0.74,
   0.5,
   0.86,
   0.64
  ],
  [
   0.95,
   null,
   null,
   null,
   null,
   null,
   null
  ],
  [
   0.94,
   null,
   null,
   null,
   null,
   null,
   null
  ],
  [
   0.74,
   null,
   null,
   null,
   null,
   null,
   null
  ],
  [
   0.5,
   null,
   null,
   null,
   null,
   null,
   null
  ],
  [
   0.86,
   null,
   null,
   null,
   null,
   null,
   null
  ],
  [
   0.64,
   null,
   null,
   null,
   null,
   null,
   null
  ]
 ],
 "chain_pair_pae_min": [
  [
   0.76,
   0.84,
   0.89,
   3.63,
   8.0,
   2.09,
   4.71
  ],
  [
   null,
   null,
   null,
   null,
   null,
   null,
   null
  ],
  [
   null,
   null,
   null,
   null,
   null,
   null,
   null
  ],
  [
   null,
   null,
   null,
   null,
   null,
   null,
   null
  ],
  [
   null,
   null,
   null,
   null,
   null,
   null,
   null
  ],
  [
   null,
   null,
   null,
   null,
   null,
   null,
   null
  ],
  [
   null,
   null,
   null,
   null,
   null,
   null,
   null
  ]
 ],
 "chain_ptm": [
  0.89,
  null,
  null,
  null,
  null,
  null,
  null
 ],
 "fraction_disordered": 0.0,
 "has_clash": 0.0,
 "iptm": 0.74,
 "num_recycles": 10.0,
 "ptm": 0.89,
 "ranking_score": 0.77
}