{
 "chain_iptm": [
  0.55,
  0.9,
  0.73,
  0.4,
  0.15
 ],
 "chain_pair_iptm": [
  [
   0.44,
   0.9,
   0.73,
   0.4,
   0.15
  ],
  [
   0.9,
   null,
   null,
   null,
   null
  ],
  [
   0.73,
   null,
   null,
   null,
   null
  ],
  [
   0.4,
   null,
   null,
   null,
   null
  ],
  [
   0.15,
   null,
   null,
   null,
   null
  ]
 ],
 "chain_pair_pae_min": [
  [
   0.76,
   3.29,
   6.58,
   17.29,
   25.77
  ],
  [
   null,
   null,
   null,
   null,
   null
  ],
  [
   null,
   null,
   null,
   null,
   null
  ],
  [
   null,
   null,
   null,
   null,
   null
  ],
  [
   null,
   null,
   null,
   null,
   null
  ]
 ],
 "chain_ptm": [
  0.44,
  null,
  null,
  null,
  null
 ],
 "fraction_disordered": 0.21,
 "has_clash": 0.0,
 "iptm": 0.47,
 "num_recycles": 10.0,
 "ptm": 0.44,
 "ranking_score": 0.57
}