{
 "chain_iptm": [
  0.68,
  0.91,
  0.73,
  0.59,
  0.47
 ],
 "chain_pair_iptm": [
  [
   0.44,
   0.91,
   0.73,
   0.59,
   0.47
  ],
  [
   0.91,
   null,
   null,
   null,
   null
  ],
  [
   0.73,
   null,
   null,
   null,
   null
  ],
  [
   0.59,
   null,
   null,
   null,
   null
  ],
  [
   0.47,
   null,
   null,
   null,
   null
  ]
 ],
 "chain_pair_pae_min": [
  [
   0.76,
   2.87,
   6.91,
   11.73,
   16.21
  ],
  [
   null,
   null,
   null,
   null,
   null
  ],
  [
   null,
   null,
   null,
   null,
   null
  ],
  [
   null,
   null,
   null,
   null,
   null
  ],
  [
   null,
   null,
   null,
   null,
   null
  ]
 ],
 "chain_ptm": [
  0.44,
  null,
  null,
  null,
  null
 ],
 "fraction_disordered": 0.23,
 "has_clash": 0.0,
 "iptm": 0.6,
 "num_recycles": 10.0,
 "ptm": 0.44,
 "ranking_score": 0.68
}