{
 "chain_iptm": [
  0.68,
  0.92,
  0.76,
  0.55,
  0.48
 ],
 "chain_pair_iptm": [
  [
   0.44,
   0.92,
   0.76,
   0.55,
   0.48
  ],
  [
   0.92,
   null,
   null,
   null,
   null
  ],
  [
   0.76,
   null,
   null,
   null,
   null
  ],
  [
   0.55,
   null,
   null,
   null,
   null
  ],
  [
   0.48,
   null,
   null,
   null,
   null
  ]
 ],
 "chain_pair_pae_min": [
  [
   0.76,
   2.66,
   6.5,
   14.22,
   16.26
  ],
  [
   null,
   null,
   null,
   null,
   null
  ],
  [
   null,
   null,
   null,
   null,
   null
  ],
  [
   null,
   null,
   null,
   null,
   null
  ],
  [
   null,
   null,
   null,
   null,
   null
  ]
 ],
 "chain_ptm": [
  0.44,
  null,
  null,
  null,
  null
 ],
 "fraction_disordered": 0.21,
 "has_clash": 0.0,
 "iptm": 0.52,
 "num_recycles": 10.0,
 "ptm": 0.44,
 "ranking_score": 0.61
}