{
 "chain_iptm": [
  0.66,
  0.92,
  0.73,
  0.58,
  0.4
 ],
 "chain_pair_iptm": [
  [
   0.43,
   0.92,
   0.73,
   0.58,
   0.4
  ],
  [
   0.92,
   null,
   null,
   null,
   null
  ],
  [
   0.73,
   null,
   null,
   null,
   null
  ],
  [
   0.58,
   null,
   null,
   null,
   null
  ],
  [
   0.4,
   null,
   null,
   null,
   null
  ]
 ],
 "chain_pair_pae_min": [
  [
   0.76,
   2.64,
   7.32,
   11.38,
   18.41
  ],
  [
   null,
   null,
   null,
   null,
   null
  ],
  [
   null,
   null,
   null,
   null,
   null
  ],
  [
   null,
   null,
   null,
   null,
   null
  ],
  [
   null,
   null,
   null,
   null,
   null
  ]
 ],
 "chain_ptm": [
  0.43,
  null,
  null,
  null,
  null
 ],
 "fraction_disordered": 0.21,
 "has_clash": 0.0,
 "iptm": 0.6,
 "num_recycles": 10.0,
 "ptm": 0.44,
 "ranking_score": 0.67
}