{
 "chain_iptm": [
  0.55,
  0.91,
  0.72,
  0.35,
  0.23
 ],
 "chain_pair_iptm": [
  [
   0.44,
   0.91,
   0.72,
   0.35,
   0.23
  ],
  [
   0.91,
   null,
   null,
   null,
   null
  ],
  [
   0.72,
   null,
   null,
   null,
   null
  ],
  [
   0.35,
   null,
   null,
   null,
   null
  ],
  [
   0.23,
   null,
   null,
   null,
   null
  ]
 ],
 "chain_pair_pae_min": [
  [
   0.76,
   2.8,
   7.44,
   17.75,
   24.15
  ],
  [
   null,
   null,
   null,
   null,
   null
  ],
  [
   null,
   null,
   null,
   null,
   null
  ],
  [
   null,
   null,
   null,
   null,
   null
  ],
  [
   null,
   null,
   null,
   null,
   null
  ]
 ],
 "chain_ptm": [
  0.44,
  null,
  null,
  null,
  null
 ],
 "fraction_disordered": 0.21,
 "has_clash": 0.0,
 "iptm": 0.5,
 "num_recycles": 10.0,
 "ptm": 0.44,
 "ranking_score": 0.59
}