{
 "chain_iptm": [
  0.94,
  0.94,
  0.94,
  0.94,
  0.94
 ],
 "chain_pair_iptm": [
  [
   0.74,
   0.94,
   0.94,
   0.94,
   0.94
  ],
  [
   0.94,
   null,
   null,
   null,
   null
  ],
  [
   0.94,
   null,
   null,
   null,
   null
  ],
  [
   0.94,
   null,
   null,
   null,
   null
  ],
  [
   0.94,
   null,
   null,
   null,
   null
  ]
 ],
 "chain_pair_pae_min": [
  [
   0.76,
   1.1,
   1.25,
   1.1,
   1.21
  ],
  [
   null,
   null,
   null,
   null,
   null
  ],
  [
   null,
   null,
   null,
   null,
   null
  ],
  [
   null,
   null,
   null,
   null,
   null
  ],
  [
   null,
   null,
   null,
   null,
   null
  ]
 ],
 "chain_ptm": [
  0.74,
  null,
  null,
  null,
  null
 ],
 "fraction_disordered": 0.0,
 "has_clash": 0.0,
 "iptm": 0.73,
 "num_recycles": 10.0,
 "ptm": 0.75,
 "ranking_score": 0.73
}