{
 "chain_iptm": [
  0.94,
  0.94,
  0.95,
  0.95,
  0.93
 ],
 "chain_pair_iptm": [
  [
   0.79,
   0.94,
   0.95,
   0.95,
   0.93
  ],
  [
   0.94,
   null,
   null,
   null,
   null
  ],
  [
   0.95,
   null,
   null,
   null,
   null
  ],
  [
   0.95,
   null,
   null,
   null,
   null
  ],
  [
   0.93,
   null,
   null,
   null,
   null
  ]
 ],
 "chain_pair_pae_min": [
  [
   0.76,
   1.1,
   1.14,
   1.07,
   1.27
  ],
  [
   null,
   null,
   null,
   null,
   null
  ],
  [
   null,
   null,
   null,
   null,
   null
  ],
  [
   null,
   null,
   null,
   null,
   null
  ],
  [
   null,
   null,
   null,
   null,
   null
  ]
 ],
 "chain_ptm": [
  0.79,
  null,
  null,
  null,
  null
 ],
 "fraction_disordered": 0.0,
 "has_clash": 0.0,
 "iptm": 0.78,
 "num_recycles": 10.0,
 "ptm": 0.8,
 "ranking_score": 0.78
}