{
 "chain_iptm": [
  0.95,
  0.95,
  0.95,
  0.95,
  0.94
 ],
 "chain_pair_iptm": [
  [
   0.8,
   0.95,
   0.95,
   0.95,
   0.94
  ],
  [
   0.95,
   null,
   null,
   null,
   null
  ],
  [
   0.95,
   null,
   null,
   null,
   null
  ],
  [
   0.95,
   null,
   null,
   null,
   null
  ],
  [
   0.94,
   null,
   null,
   null,
   null
  ]
 ],
 "chain_pair_pae_min": [
  [
   0.76,
   1.01,
   1.12,
   1.05,
   1.18
  ],
  [
   null,
   null,
   null,
   null,
   null
  ],
  [
   null,
   null,
   null,
   null,
   null
  ],
  [
   null,
   null,
   null,
   null,
   null
  ],
  [
   null,
   null,
   null,
   null,
   null
  ]
 ],
 "chain_ptm": [
  0.8,
  null,
  null,
  null,
  null
 ],
 "fraction_disordered": 0.0,
 "has_clash": 0.0,
 "iptm": 0.79,
 "num_recycles": 10.0,
 "ptm": 0.8,
 "ranking_score": 0.79
}