{
 "chain_iptm": [
  0.94,
  0.94,
  0.94,
  0.95,
  0.93
 ],
 "chain_pair_iptm": [
  [
   0.76,
   0.94,
   0.94,
   0.95,
   0.93
  ],
  [
   0.94,
   null,
   null,
   null,
   null
  ],
  [
   0.94,
   null,
   null,
   null,
   null
  ],
  [
   0.95,
   null,
   null,
   null,
   null
  ],
  [
   0.93,
   null,
   null,
   null,
   null
  ]
 ],
 "chain_pair_pae_min": [
  [
   0.76,
   1.12,
   1.13,
   1.11,
   1.39
  ],
  [
   null,
   null,
   null,
   null,
   null
  ],
  [
   null,
   null,
   null,
   null,
   null
  ],
  [
   null,
   null,
   null,
   null,
   null
  ],
  [
   null,
   null,
   null,
   null,
   null
  ]
 ],
 "chain_ptm": [
  0.76,
  null,
  null,
  null,
  null
 ],
 "fraction_disordered": 0.0,
 "has_clash": 0.0,
 "iptm": 0.75,
 "num_recycles": 10.0,
 "ptm": 0.77,
 "ranking_score": 0.76
}